[
    {
      "id" : 1,
      "company_initial" : "G",
      "company_name" : "Google",
      "city" : "Austin, TX",
      "designation": "Mobile Application Developer",
      "job_description" : "We are looking for a ui/ux web designer to redesign our website which is a subscription snack box company."
    },
    {
        "id" : 2,
        "company_initial" : "G",
        "company_name" : "Google",
        "city" : "Austin, TX",
        "designation": "Mobile Application Developer",
        "job_description" : "We are looking for a ui/ux web designer to redesign our website which is a subscription snack box company."
      },
      {
        "id" : 3,
        "company_initial" : "G",
        "company_name" : "Google",
        "city" : "Austin, TX",
        "designation": "Mobile Application Developer",
        "job_description" : "We are looking for a ui/ux web designer to redesign our website which is a subscription snack box company."
      },
      {
        "id" : 4,
        "company_initial" : "G",
        "company_name" : "Google",
        "city" : "Austin, TX",
        "designation": "Mobile Application Developer",
        "job_description" : "We are looking for a ui/ux web designer to redesign our website which is a subscription snack box company."
      },
      {
        "id" : 5,
        "company_initial" : "G",
        "company_name" : "Google",
        "city" : "Austin, TX",
        "designation": "Mobile Application Developer",
        "job_description" : "We are looking for a ui/ux web designer to redesign our website which is a subscription snack box company."
      },
      {
        "id" : 6,
        "company_initial" : "G",
        "company_name" : "Google",
        "city" : "Austin, TX",
        "designation": "Mobile Application Developer",
        "job_description" : "We are looking for a ui/ux web designer to redesign our website which is a subscription snack box company."
      },
      {
        "id" : 7,
        "company_initial" : "G",
        "company_name" : "Google",
        "city" : "Austin, TX",
        "designation": "Mobile Application Developer",
        "job_description" : "We are looking for a ui/ux web designer to redesign our website which is a subscription snack box company."
      },
      {
        "id" : 8,
        "company_initial" : "G",
        "company_name" : "Google",
        "city" : "Austin, TX",
        "designation": "Mobile Application Developer",
        "job_description" : "We are looking for a ui/ux web designer to redesign our website which is a subscription snack box company."
      },
      {
        "id" : 9,
        "company_initial" : "G",
        "company_name" : "Google",
        "city" : "Austin, TX",
        "designation": "Mobile Application Developer",
        "job_description" : "We are looking for a ui/ux web designer to redesign our website which is a subscription snack box company."
      }
]